Workbook

Sheet 填寫說明
A2: PYP 蝦皮市場手動蒐集表
A4: 這份表格取代原本自動化爬蟲的角色，供你每次人工上蝦皮搜尋「PYP」相關關鍵字時，
A5: 把看到的商品資訊記錄下來。填完後傳回來（或自己執行匯入腳本），系統會照樣
A6: 產生季報/年報儀表板，跟原本自動化版本用的是同一套報表邏輯。
A8: 這份檔案有兩個要填的工作表：
A10: ① 商品資料
A11: 每一列 = 一個蝦皮商品頁面。這是最主要、最可靠的資料，直接抄商品頁面上
A12: 公開顯示的數字（價格、累計已售出等）即可，不用猜、不用算。
A13: 黃色欄位是要你填的，綠色那一列是範例，實際填寫時整列刪掉或蓋掉即可。
A15: ② 規格評價統計（選填，用來推估不同規格/選項的市場需求比例）
A16: 蝦皮公開頁面不會顯示「這個規格賣了幾件」，只會顯示整個商品的總銷量。
A17: 這裡用一個變通方法：蝦皮的評價區通常會標示買家當初買的是哪個規格，
... A33: 季報的準確度越高（尤其是新商品剛開始追蹤的那一季，數字容易偏低估）。

Sheet 商品資料
A1: 日期(YYYY-MM-DD) | B1: 卡套類別 | C1: 卡套尺寸 | D1: 商品名稱 | E1: 賣家名稱 | F1: 商品連結 | G1: 價格(NT$) | H1: 該商品總銷量 | I1: 備註
A2: 2026-08-24 | B2: 掀蓋式卡夾 | C2: 一般卡片尺寸 | D2: PYP 卡套 經典款 質感卡夾 | E2: 小美精品配件 | F2: https://shopee.tw/product/1234567/89012345 | G2: 199 | H2: 682 | I2: 範例列，請刪除或覆蓋
A3: 2026-08-24 | B3: 軟式卡套(透明) | C3: 35PT | D3: 數碼遊戲 透明卡套 寶可夢卡套 遊戲王卡套 七龍珠卡套 PTCG卡套 球員卡套 偶像小卡套 悠遊卡套 硬卡套 直式加厚｜規格：35PT 透明卡套(1包/25個) | E3: 數碼遊戲_CyberGamer | F3: https://shopee.tw/product/2694931/20159650253 | G3: 110 | H3: 5932 | I3: 商品描述含[PYP 硬卡套]字樣，確認為PYP商品；此為同一listing下的規格之一。銷量欄位為評價抽樣估算值：統計此listing全部230則「附上評論」的買家評論中標示的規格（部分買家一次訂單買多規格，故規格提及次數264則略多於230，扣除1則因蝦皮顯示截斷省略號無法辨識的規格後，有效樣本263則），按各規格提及比例分配蝦皮顯示的合併總銷量「1萬+」（以10000計算）。注意：這是以「有留言評論」的買家為樣本，佔全部2,466則評分的一小部分（約9%），假設留言行為在各規格間大致均勻分布，實際比例可能有偏差，僅供參考；130PT保護膜規格在樣本中完全沒有出現，估算值為0，但不代表實際銷量真的是0，只是樣本裡剛好沒有買這個規格又留言的人。尺寸資訊：官方描述只標示35PT代表尺寸 外約7.5x10cm/內約7x9.5cm，130PT規格實際外觀尺寸頁面未標示
A4: 2026-08-24 | B4: 軟式卡套(磨砂白底) | C4: 35PT | D4: 數碼遊戲 透明卡套 寶可夢卡套 遊戲王卡套 七龍珠卡套 PTCG卡套 球員卡套 偶像小卡套 悠遊卡套 硬卡套 直式加厚｜規格：35PT 磨砂白底卡套(1包/25個) | E4: 數碼遊戲_CyberGamer | F4: https://shopee.tw/product/2694931/20159650253 | G4: 100 | H4: 1179 | I4: 商品描述含[PYP 硬卡套]字樣，確認為PYP商品；此為同一listing下的規格之一。銷量欄位為評價抽樣估算值：統計此listing全部230則「附上評論」的買家評論中標示的規格（部分買家一次訂單買多規格，故規格提及次數264則略多於230，扣除1則因蝦皮顯示截斷省略號無法辨識的規格後，有效樣本263則），按各規格提及比例分配蝦皮顯示的合併總銷量「1萬+」（以10000計算）。注意：這是以「有留言評論」的買家為樣本，佔全部2,466則評分的一小部分（約9%），假設留言行為在各規格間大致均勻分布，實際比例可能有偏差，僅供參考；130PT保護膜規格在樣本中完全沒有出現，估算值為0，但不代表實際銷量真的是0，只是樣本裡剛好沒有買這個規格又留言的人。尺寸資訊：官方描述只標示35PT代表尺寸 外約7.5x10cm/內約7x9.5cm，130PT規格實際外觀尺寸頁面未標示
A5: 2026-08-24 | B5: 軟式卡套(透明黑框) | C5: 35PT | D5: 數碼遊戲 透明卡套 寶可夢卡套 遊戲王卡套 七龍珠卡套 PTCG卡套 球員卡套 偶像小卡套 悠遊卡套 硬卡套 直式加厚｜規格：35PT 透明黑框卡套(1包/25個) | E5: 數碼遊戲_CyberGamer | F5: https://shopee.tw/product/2694931/20159650253 | G5: 120 | H5: 1635 | I5: 商品描述含[PYP 硬卡套]字樣，確認為PYP商品；此為同一listing下的規格之一。銷量欄位為評價抽樣估算值：統計此listing全部230則「附上評論」的買家評論中標示的規格（部分買家一次訂單買多規格，故規格提及次數264則略多於230，扣除1則因蝦皮顯示截斷省略號無法辨識的規格後，有效樣本263則），按各規格提及比例分配蝦皮顯示的合併總銷量「1萬+」（以10000計算）。注意：這是以「有留言評論」的買家為樣本，佔全部2,466則評分的一小部分（約9%），假設留言行為在各規格間大致均勻分布，實際比例可能有偏差，僅供參考；130PT保護膜規格在樣本中完全沒有出現，估算值為0，但不代表實際銷量真的是0，只是樣本裡剛好沒有買這個規格又留言的人。尺寸資訊：官方描述只標示35PT代表尺寸 外約7.5x10cm/內約7x9.5cm，130PT規格實際外觀尺寸頁面未標示
A6: 2026-08-24 | B6: 軟式卡套(透明) | C6: 130PT | D6: 數碼遊戲 透明卡套 寶可夢卡套 遊戲王卡套 七龍珠卡套 PTCG卡套 球員卡套 偶像小卡套 悠遊卡套 硬卡套 直式加厚｜規格：130PT 透明卡套(1包/10個) | E6: 數碼遊戲_CyberGamer | F6: https://shopee.tw/product/2694931/20159650253 | G6: 100 | H6: 570 | I6: 商品描述含[PYP 硬卡套]字樣，確認為PYP商品；此為同一listing下的規格之一。銷量欄位為評價抽樣估算值：統計此listing全部230則「附上評論」的買家評論中標示的規格（部分買家一次訂單買多規格，故規格提及次數264則略多於230，扣除1則因蝦皮顯示截斷省略號無法辨識的規格後，有效樣本263則），按各規格提及比例分配蝦皮顯示的合併總銷量「1萬+」（以10000計算）。注意：這是以「有留言評論」的買家為樣本，佔全部2,466則評分的一小部分（約9%），假設留言行為在各規格間大致均勻分布，實際比例可能有偏差，僅供參考；130PT保護膜規格在樣本中完全沒有出現，估算值為0，但不代表實際銷量真的是0，只是樣本裡剛好沒有買這個規格又留言的人。尺寸資訊：官方描述只標示35PT代表尺寸 外約7.5x10cm/內約7x9.5cm，130PT規格實際外觀尺寸頁面未標示
A7: 2026-08-24 | B7: 卡套保護膜 | C7: 35PT | D7: 數碼遊戲 透明卡套 寶可夢卡套 遊戲王卡套 七龍珠卡套 PTCG卡套 球員卡套 偶像小卡套 悠遊卡套 硬卡套 直式加厚｜規格：35PT 卡套保護膜(1包100個) | E7: 數碼遊戲_CyberGamer | F7: https://shopee.tw/product/2694931/20159650253 | G7: 59 | H7: 684 | I7: 商品描述含[PYP 硬卡套]字樣，確認為PYP商品；此為同一listing下的規格之一。銷量欄位為評價抽樣估算值：統計此listing全部230則「附上評論」的買家評論中標示的規格（部分買家一次訂單買多規格，故規格提及次數264則略多於230，扣除1則因蝦皮顯示截斷省略號無法辨識的規格後，有效樣本263則），按各規格提及比例分配蝦皮顯示的合併總銷量「1萬+」（以10000計算）。注意：這是以「有留言評論」的買家為樣本，佔全部2,466則評分的一小部分（約9%），假設留言行為在各規格間大致均勻分布，實際比例可能有偏差，僅供參考；130PT保護膜規格在樣本中完全沒有出現，估算值為0，但不代表實際銷量真的是0，只是樣本裡剛好沒有買這個規格又留言的人。尺寸資訊：官方描述只標示35PT代表尺寸 外約7.5x10cm/內約7x9.5cm，130PT規格實際外觀尺寸頁面未標示
A8: 2026-08-24 | B8: 卡套保護膜 | C8: 130PT | D8: 數碼遊戲 透明卡套 寶可夢卡套 遊戲王卡套 七龍珠卡套 PTCG卡套 球員卡套 偶像小卡套 悠遊卡套 硬卡套 直式加厚｜規格：130PT 卡套保護膜(1包100個) | E8: 數碼遊戲_CyberGamer | F8: https://shopee.tw/product/2694931/20159650253 | G8: 69 | H8: 0 | I8: 商品描述含[PYP 硬卡套]字樣，確認為PYP商品；此為同一listing下的規格之一。銷量欄位為評價抽樣估算值：統計此listing全部230則「附上評論」的買家評論中標示的規格（部分買家一次訂單買多規格，故規格提及次數264則略多於230，扣除1則因蝦皮顯示截斷省略號無法辨識的規格後，有效樣本263則），按各規格提及比例分配蝦皮顯示的合併總銷量「1萬+」（以10000計算）。注意：這是以「有留言評論」的買家為樣本，佔全部2,466則評分的一小部分（約9%），假設留言行為在各規格間大致均勻分布，實際比例可能有偏差，僅供參考；130PT保護膜規格在樣本中完全沒有出現，估算值為0，但不代表實際銷量真的是0，只是樣本裡剛好沒有買這個規格又留言的人。尺寸資訊：官方描述只標示35PT代表尺寸 外約7.5x10cm/內約7x9.5cm，130PT規格實際外觀尺寸頁面未標示
A9: 2026-08-24 | B9: 半硬式卡套(Semi-Rigid) | C9: 35PT | D9: 數碼遊戲 35pt 透明 半剛性卡套 PTCG 遊戲王 寶可夢 球員卡 愛豆小卡 偶像小卡 專輯小卡 直式 加厚防水防刮 | E9: 數碼遊戲_CyberGamer | F9: https://shopee.tw/product/2694931/24659036664 | G9: 150 | H9: 242 | I9: 商品圖片與描述明確確認為PYP商品(包裝印有P.Y.P SEMI-RIGID CARD HOLDERS字樣)；單一規格(僅35PT)，總銷量242為精確值，非估計
A10: 2026-08-24 | B10: 磁吸卡磚(標準) | C10: 100PT | D10: 數碼遊戲 磁吸卡磚 寶可夢卡磚 遊戲王卡磚 七龍珠卡磚 PTCG卡磚 球員卡磚 專輯卡磚 壓克力卡磚 卡套 卡冊 卡殼 | E10: 數碼遊戲_CyberGamer | F10: https://shopee.tw/product/2694931/19859645447 | G10: 45 | I10: 商品描述與主圖含「[PYP 強磁吸保護卡磚]」字樣及 P.Y.P 品牌圖樣，確認為PYP商品；此為同一 listing（共10種規格）下的規格之一。該 listing 合併總銷量蝦皮顯示為「4萬+」（約40000件），但因規格數量多達10種、且評論數高達392則（附上評論），本次未執行評論抽樣拆分，故本列「該商品總銷量」欄位留空，避免用同一個合併數字重複填入10列造成加總時重複計算。若未來要精確拆分，可比照「透明卡套」listing的評論抽樣法（見商品連結頁面的『商品評價』區塊，篩選『附上評論』後翻頁統計各規格的提及次數）。單價為直接從商品頁 React 內部資料 (item.models) 擷取的精確值。
A11: 2026-08-24 | B11: 磁吸卡磚(標準) | C11: 180PT | D11: 數碼遊戲 磁吸卡磚 寶可夢卡磚 遊戲王卡磚 七龍珠卡磚 PTCG卡磚 球員卡磚 專輯卡磚 壓克力卡磚 卡套 卡冊 卡殼 | E11: 數碼遊戲_CyberGamer | F11: https://shopee.tw/product/2694931/19859645447 | G11: 52 | I11: 商品描述與主圖含「[PYP 強磁吸保護卡磚]」字樣及 P.Y.P 品牌圖樣，確認為PYP商品；此為同一 listing（共10種規格）下的規格之一。該 listing 合併總銷量蝦皮顯示為「4萬+」（約40000件），但因規格數量多達10種、且評論數高達392則（附上評論），本次未執行評論抽樣拆分，故本列「該商品總銷量」欄位留空，避免用同一個合併數字重複填入10列造成加總時重複計算。若未來要精確拆分，可比照「透明卡套」listing的評論抽樣法（見商品連結頁面的『商品評價』區塊，篩選『附上評論』後翻頁統計各規格的提及次數）。單價為直接從商品頁 React 內部資料 (item.models) 擷取的精確值。
A12: 2026-08-24 | B12: 磁吸卡磚立架(三角) | C12: - | D12: 數碼遊戲 磁吸卡磚 寶可夢卡磚 遊戲王卡磚 七龍珠卡磚 PTCG卡磚 球員卡磚 專輯卡磚 壓克力卡磚 卡套 卡冊 卡殼 | E12: 數碼遊戲_CyberGamer | F12: https://shopee.tw/product/2694931/19859645447 | G12: 18 | I12: 商品描述與主圖含「[PYP 強磁吸保護卡磚]」字樣及 P.Y.P 品牌圖樣，確認為PYP商品；此為同一 listing（共10種規格）下的規格之一。該 listing 合併總銷量蝦皮顯示為「4萬+」（約40000件），但因規格數量多達10種、且評論數高達392則（附上評論），本次未執行評論抽樣拆分，故本列「該商品總銷量」欄位留空，避免用同一個合併數字重複填入10列造成加總時重複計算。若未來要精確拆分，可比照「透明卡套」listing的評論抽樣法（見商品連結頁面的『商品評價』區塊，篩選『附上評論』後翻頁統計各規格的提及次數）。單價為直接從商品頁 React 內部資料 (item.models) 擷取的精確值。
A13: 2026-08-24 | B13: 磁吸卡磚(黑邊) | C13: 35PT | D13: 數碼遊戲 磁吸卡磚 寶可夢卡磚 遊戲王卡磚 七龍珠卡磚 PTCG卡磚 球員卡磚 專輯卡磚 壓克力卡磚 卡套 卡冊 卡殼 | E13: 數碼遊戲_CyberGamer | F13: https://shopee.tw/product/2694931/19859645447 | G13: 40 | I13: 商品描述與主圖含「[PYP 強磁吸保護卡磚]」字樣及 P.Y.P 品牌圖樣，確認為PYP商品；此為同一 listing（共10種規格）下的規格之一。該 listing 合併總銷量蝦皮顯示為「4萬+」（約40000件），但因規格數量多達10種、且評論數高達392則（附上評論），本次未執行評論抽樣拆分，故本列「該商品總銷量」欄位留空，避免用同一個合併數字重複填入10列造成加總時重複計算。若未來要精確拆分，可比照「透明卡套」listing的評論抽樣法（見商品連結頁面的『商品評價』區塊，篩選『附上評論』後翻頁統計各規格的提及次數）。單價為直接從商品頁 React 內部資料 (item.models) 擷取的精確值。
A14: 2026-08-24 | B14: 磁吸卡磚(標準) | C14: 75PT | D14: 數碼遊戲 磁吸卡磚 寶可夢卡磚 遊戲王卡磚 七龍珠卡磚 PTCG卡磚 球員卡磚 專輯卡磚 壓克力卡磚 卡套 卡冊 卡殼 | E14: 數碼遊戲_CyberGamer | F14: https://shopee.tw/product/2694931/19859645447 | G14: 42 | I14: 商品描述與主圖含「[PYP 強磁吸保護卡磚]」字樣及 P.Y.P 品牌圖樣，確認為PYP商品；此為同一 listing（共10種規格）下的規格之一。該 listing 合併總銷量蝦皮顯示為「4萬+」（約40000件），但因規格數量多達10種、且評論數高達392則（附上評論），本次未執行評論抽樣拆分，故本列「該商品總銷量」欄位留空，避免用同一個合併數字重複填入10列造成加總時重複計算。若未來要精確拆分，可比照「透明卡套」listing的評論抽樣法（見商品連結頁面的『商品評價』區塊，篩選『附上評論』後翻頁統計各規格的提及次數）。單價為直接從商品頁 React 內部資料 (item.models) 擷取的精確值。
A15: 2026-08-24 | B15: 磁吸卡磚立架 | C15: - | D15: 數碼遊戲 磁吸卡磚 寶可夢卡磚 遊戲王卡磚 七龍珠卡磚 PTCG卡磚 球員卡磚 專輯卡磚 壓克力卡磚 卡套 卡冊 卡殼 | E15: 數碼遊戲_CyberGamer | F15: https://shopee.tw/product/2694931/19859645447 | G15: 20 | I15: 商品描述與主圖含「[PYP 強磁吸保護卡磚]」字樣及 P.Y.P 品牌圖樣，確認為PYP商品；此為同一 listing（共10種規格）下的規格之一。該 listing 合併總銷量蝦皮顯示為「4萬+」（約40000件），但因規格數量多達10種、且評論數高達392則（附上評論），本次未執行評論抽樣拆分，故本列「該商品總銷量」欄位留空，避免用同一個合併數字重複填入10列造成加總時重複計算。若未來要精確拆分，可比照「透明卡套」listing的評論抽樣法（見商品連結頁面的『商品評價』區塊，篩選『附上評論』後翻頁統計各規格的提及次數）。單價為直接從商品頁 React 內部資料 (item.models) 擷取的精確值。
A16: 2026-08-24 | B16: 磁吸卡磚(加大68x95mm) | C16: 35PT | D16: 數碼遊戲 磁吸卡磚 寶可夢卡磚 遊戲王卡磚 七龍珠卡磚 PTCG卡磚 球員卡磚 專輯卡磚 壓克力卡磚 卡套 卡冊 卡殼 | E16: 數碼遊戲_CyberGamer | F16: https://shopee.tw/product/2694931/19859645447 | G16: 40 | I16: 商品描述與主圖含「[PYP 強磁吸保護卡磚]」字樣及 P.Y.P 品牌圖樣，確認為PYP商品；此為同一 listing（共10種規格）下的規格之一。該 listing 合併總銷量蝦皮顯示為「4萬+」（約40000件），但因規格數量多達10種、且評論數高達392則（附上評論），本次未執行評論抽樣拆分，故本列「該商品總銷量」欄位留空，避免用同一個合併數字重複填入10列造成加總時重複計算。若未來要精確拆分，可比照「透明卡套」listing的評論抽樣法（見商品連結頁面的『商品評價』區塊，篩選『附上評論』後翻頁統計各規格的提及次數）。單價為直接從商品頁 React 內部資料 (item.models) 擷取的精確值。
A17: 2026-08-24 | B17: 磁吸卡磚(標準) | C17: 130PT | D17: 數碼遊戲 磁吸卡磚 寶可夢卡磚 遊戲王卡磚 七龍珠卡磚 PTCG卡磚 球員卡磚 專輯卡磚 壓克力卡磚 卡套 卡冊 卡殼 | E17: 數碼遊戲_CyberGamer | F17: https://shopee.tw/product/2694931/19859645447 | G17: 47 | I17: 商品描述與主圖含「[PYP 強磁吸保護卡磚]」字樣及 P.Y.P 品牌圖樣，確認為PYP商品；此為同一 listing（共10種規格）下的規格之一。該 listing 合併總銷量蝦皮顯示為「4萬+」（約40000件），但因規格數量多達10種、且評論數高達392則（附上評論），本次未執行評論抽樣拆分，故本列「該商品總銷量」欄位留空，避免用同一個合併數字重複填入10列造成加總時重複計算。若未來要精確拆分，可比照「透明卡套」listing的評論抽樣法（見商品連結頁面的『商品評價』區塊，篩選『附上評論』後翻頁統計各規格的提及次數）。單價為直接從商品頁 React 內部資料 (item.models) 擷取的精確值。
A18: 2026-08-24 | B18: 磁吸卡磚(標準) | C18: 35PT | D18: 數碼遊戲 磁吸卡磚 寶可夢卡磚 遊戲王卡磚 七龍珠卡磚 PTCG卡磚 球員卡磚 專輯卡磚 壓克力卡磚 卡套 卡冊 卡殼 | E18: 數碼遊戲_CyberGamer | F18: https://shopee.tw/product/2694931/19859645447 | G18: 32 | I18: 商品描述與主圖含「[PYP 強磁吸保護卡磚]」字樣及 P.Y.P 品牌圖樣，確認為PYP商品；此為同一 listing（共10種規格）下的規格之一。該 listing 合併總銷量蝦皮顯示為「4萬+」（約40000件），但因規格數量多達10種、且評論數高達392則（附上評論），本次未執行評論抽樣拆分，故本列「該商品總銷量」欄位留空，避免用同一個合併數字重複填入10列造成加總時重複計算。若未來要精確拆分，可比照「透明卡套」listing的評論抽樣法（見商品連結頁面的『商品評價』區塊，篩選『附上評論』後翻頁統計各規格的提及次數）。單價為直接從商品頁 React 內部資料 (item.models) 擷取的精確值。
A19: 2026-08-24 | B19: 磁吸卡磚(標準) | C19: 55PT | D19: 數碼遊戲 磁吸卡磚 寶可夢卡磚 遊戲王卡磚 七龍珠卡磚 PTCG卡磚 球員卡磚 專輯卡磚 壓克力卡磚 卡套 卡冊 卡殼 | E19: 數碼遊戲_CyberGamer | F19: https://shopee.tw/product/2694931/19859645447 | G19: 37 | I19: 商品描述與主圖含「[PYP 強磁吸保護卡磚]」字樣及 P.Y.P 品牌圖樣，確認為PYP商品；此為同一 listing（共10種規格）下的規格之一。該 listing 合併總銷量蝦皮顯示為「4萬+」（約40000件），但因規格數量多達10種、且評論數高達392則（附上評論），本次未執行評論抽樣拆分，故本列「該商品總銷量」欄位留空，避免用同一個合併數字重複填入10列造成加總時重複計算。若未來要精確拆分，可比照「透明卡套」listing的評論抽樣法（見商品連結頁面的『商品評價』區塊，篩選『附上評論』後翻頁統計各規格的提及次數）。單價為直接從商品頁 React 內部資料 (item.models) 擷取的精確值。
A20: 2026-08-24 | B20: 貝殼卡磚 | C20: 35PT | D20: 數碼遊戲 貝殼卡磚 寶可夢卡磚 遊戲王卡磚 七龍珠卡磚 PTCG卡磚 球員卡磚 偶像卡磚 壓克力卡磚 卡套 卡冊 | E20: 數碼遊戲_CyberGamer | F20: https://shopee.tw/product/2694931/23236661859 | G20: 18 | H20: 10000 | I20: 商品描述與主圖含「P.Y.P 貝殼卡磚」「P.Y.P MINI SNAP」字樣及品牌圖樣，確認為PYP商品；單一規格（僅35PT），售價與已售出數量為蝦皮頁面直接顯示的精確值（已售出「1萬+」為蝦皮自身的概數顯示方式，非本系統估算）。
A21: 2026-08-24 | B21: 卡磚膜(PSA鑑定卡專用) | C21: - | D21: 數碼遊戲 磁吸卡磚膜 PSA BGS 透明卡套 牌套 豎插 PTCG 寶可夢 PP塑料 100PT以下通用 100入 | E21: 數碼遊戲_CyberGamer | F21: https://shopee.tw/product/2694931/23680741251 | G21: 69 | I21: 商品描述與主圖含「P.Y.P 強磁卡磚膜」字樣及品牌圖樣，確認為PYP商品；此為同一 listing（共4種規格）下的規格之一。該 listing 合併總銷量蝦皮顯示為「1,000+」，因規格較多且本次未執行評論抽樣拆分，本列「該商品總銷量」欄位留空，避免重複計算。單價為直接從商品頁 React 內部資料 (item.models) 擷取的精確值。
A22: 2026-08-24 | B22: 卡磚膜(BGS鑑定卡專用) | C22: - | D22: 數碼遊戲 磁吸卡磚膜 PSA BGS 透明卡套 牌套 豎插 PTCG 寶可夢 PP塑料 100PT以下通用 100入 | E22: 數碼遊戲_CyberGamer | F22: https://shopee.tw/product/2694931/23680741251 | G22: 69 | I22: 商品描述與主圖含「P.Y.P 強磁卡磚膜」字樣及品牌圖樣，確認為PYP商品；此為同一 listing（共4種規格）下的規格之一。該 listing 合併總銷量蝦皮顯示為「1,000+」，因規格較多且本次未執行評論抽樣拆分，本列「該商品總銷量」欄位留空，避免重複計算。單價為直接從商品頁 React 內部資料 (item.models) 擷取的精確值。
A23: 2026-08-24 | B23: 卡磚膜(130~180PT通用) | C23: 130~180PT | D23: 數碼遊戲 磁吸卡磚膜 PSA BGS 透明卡套 牌套 豎插 PTCG 寶可夢 PP塑料 100PT以下通用 100入 | E23: 數碼遊戲_CyberGamer | F23: https://shopee.tw/product/2694931/23680741251 | G23: 59 | I23: 商品描述與主圖含「P.Y.P 強磁卡磚膜」字樣及品牌圖樣，確認為PYP商品；此為同一 listing（共4種規格）下的規格之一。該 listing 合併總銷量蝦皮顯示為「1,000+」，因規格較多且本次未執行評論抽樣拆分，本列「該商品總銷量」欄位留空，避免重複計算。單價為直接從商品頁 React 內部資料 (item.models) 擷取的精確值。
A24: 2026-08-24 | B24: 卡磚膜(35~100PT通用) | C24: 35~100PT | D24: 數碼遊戲 磁吸卡磚膜 PSA BGS 透明卡套 牌套 豎插 PTCG 寶可夢 PP塑料 100PT以下通用 100入 | E24: 數碼遊戲_CyberGamer | F24: https://shopee.tw/product/2694931/23680741251 | G24: 59 | I24: 商品描述與主圖含「P.Y.P 強磁卡磚膜」字樣及品牌圖樣，確認為PYP商品；此為同一 listing（共4種規格）下的規格之一。該 listing 合併總銷量蝦皮顯示為「1,000+」，因規格較多且本次未執行評論抽樣拆分，本列「該商品總銷量」欄位留空，避免重複計算。單價為直接從商品頁 React 內部資料 (item.models) 擷取的精確值。
A25: 2026-08-27 | B25: 磁吸卡磚(透明) | C25: 35PT | D25: 磁吸卡磚 磁吸卡片保護套 寶可夢卡磚 遊戲王卡磚 球員卡 球衣卡35PT 55PT 100PT 130PT 180PT | E25: 放開那隻貓的腳 | F25: https://shopee.tw/product/1452838/24621336684 | G25: 25 | H25: 10991 | I25: 此賣場為「放開那隻貓的腳」（shopid 1452838）。前次使用者本人確認：此賣場商品原本都有顯示PYP logo與商品名稱，後續疑似遭移除。經瀏覽器實際比對，本商品圖片集中的「P.Y.P Transmission Meter」品牌檢測儀器照片（同一組82.5/100/15.2 VLT/UVR/IRR讀數、同款拍攝角度與同款「高透明度/可見光透射率/紫外線防護」文案排版），與PYP官方物料完全一致；同一張照片同時出現在本賣場另外兩項商品（35pt貝殼卡磚 item 25760916522、四角螺絲卡磚 item 42410736514）的圖片集中，判斷為原PYP商品、品牌文字與logo遭移除後轉售。此為同一listing（共8種規格A-H）下的規格之一，listing合併總銷量蝦皮顯示為「2萬+」（以20000計算）、1,540則評價（5.0分）。本列銷量為評價抽樣估算值：篩選「附上評論」的166則評論、翻頁讀取全部規格標示文字，扣除頁面重複載入造成的完全重複則後得161則唯一評論，部分評論一次訂單買了不只一種規格，拆分後共202次規格提及（35PT依顏色分A透明/B黑色兩類，55/75/100/130/180/260PT分別對應C/D/E/F/G/H），按各規格提及比例分配蝦皮顯示的合併總銷量20000（本規格佔比見下）。注意：這是以「有留言評論」的買家為樣本，只佔全部1,540則評分中的一小部分（約11%），假設留言行為在各規格間大致均勻分布，實際比例可能有偏差，僅供參考。單價為直接於商品頁點選各規格後讀取畫面顯示的精確值（非估算），庫存頁面顯示皆為10件。本規格 111/202 次提及（約55.0%）→估算銷量 10,991。
A26: 2026-08-27 | B26: 磁吸卡磚(黑色) | C26: 35PT | D26: 磁吸卡磚 磁吸卡片保護套 寶可夢卡磚 遊戲王卡磚 球員卡 球衣卡35PT 55PT 100PT 130PT 180PT | E26: 放開那隻貓的腳 | F26: https://shopee.tw/product/1452838/24621336684 | G26: 30 | H26: 3267 | I26: 此賣場為「放開那隻貓的腳」（shopid 1452838）。前次使用者本人確認：此賣場商品原本都有顯示PYP logo與商品名稱，後續疑似遭移除。經瀏覽器實際比對，本商品圖片集中的「P.Y.P Transmission Meter」品牌檢測儀器照片（同一組82.5/100/15.2 VLT/UVR/IRR讀數、同款拍攝角度與同款「高透明度/可見光透射率/紫外線防護」文案排版），與PYP官方物料完全一致；同一張照片同時出現在本賣場另外兩項商品（35pt貝殼卡磚 item 25760916522、四角螺絲卡磚 item 42410736514）的圖片集中，判斷為原PYP商品、品牌文字與logo遭移除後轉售。此為同一listing（共8種規格A-H）下的規格之一，listing合併總銷量蝦皮顯示為「2萬+」（以20000計算）、1,540則評價（5.0分）。本列銷量為評價抽樣估算值：篩選「附上評論」的166則評論、翻頁讀取全部規格標示文字，扣除頁面重複載入造成的完全重複則後得161則唯一評論，部分評論一次訂單買了不只一種規格，拆分後共202次規格提及（35PT依顏色分A透明/B黑色兩類，55/75/100/130/180/260PT分別對應C/D/E/F/G/H），按各規格提及比例分配蝦皮顯示的合併總銷量20000（本規格佔比見下）。注意：這是以「有留言評論」的買家為樣本，只佔全部1,540則評分中的一小部分（約11%），假設留言行為在各規格間大致均勻分布，實際比例可能有偏差，僅供參考。單價為直接於商品頁點選各規格後讀取畫面顯示的精確值（非估算），庫存頁面顯示皆為10件。本規格 33/202 次提及（約16.3%）→估算銷量 3,267。
A27: 2026-08-27 | B27: 磁吸卡磚(標準) | C27: 55PT | D27: 磁吸卡磚 磁吸卡片保護套 寶可夢卡磚 遊戲王卡磚 球員卡 球衣卡35PT 55PT 100PT 130PT 180PT | E27: 放開那隻貓的腳 | F27: https://shopee.tw/product/1452838/24621336684 | G27: 35 | H27: 1485 | I27: 此賣場為「放開那隻貓的腳」（shopid 1452838）。前次使用者本人確認：此賣場商品原本都有顯示PYP logo與商品名稱，後續疑似遭移除。經瀏覽器實際比對，本商品圖片集中的「P.Y.P Transmission Meter」品牌檢測儀器照片（同一組82.5/100/15.2 VLT/UVR/IRR讀數、同款拍攝角度與同款「高透明度/可見光透射率/紫外線防護」文案排版），與PYP官方物料完全一致；同一張照片同時出現在本賣場另外兩項商品（35pt貝殼卡磚 item 25760916522、四角螺絲卡磚 item 42410736514）的圖片集中，判斷為原PYP商品、品牌文字與logo遭移除後轉售。此為同一listing（共8種規格A-H）下的規格之一，listing合併總銷量蝦皮顯示為「2萬+」（以20000計算）、1,540則評價（5.0分）。本列銷量為評價抽樣估算值：篩選「附上評論」的166則評論、翻頁讀取全部規格標示文字，扣除頁面重複載入造成的完全重複則後得161則唯一評論，部分評論一次訂單買了不只一種規格，拆分後共202次規格提及（35PT依顏色分A透明/B黑色兩類，55/75/100/130/180/260PT分別對應C/D/E/F/G/H），按各規格提及比例分配蝦皮顯示的合併總銷量20000（本規格佔比見下）。注意：這是以「有留言評論」的買家為樣本，只佔全部1,540則評分中的一小部分（約11%），假設留言行為在各規格間大致均勻分布，實際比例可能有偏差，僅供參考。單價為直接於商品頁點選各規格後讀取畫面顯示的精確值（非估算），庫存頁面顯示皆為10件。本規格 15/202 次提及（約7.4%）→估算銷量 1,485。
A28: 2026-08-27 | B28: 磁吸卡磚(標準) | C28: 75PT | D28: 磁吸卡磚 磁吸卡片保護套 寶可夢卡磚 遊戲王卡磚 球員卡 球衣卡35PT 55PT 100PT 130PT 180PT | E28: 放開那隻貓的腳 | F28: https://shopee.tw/product/1452838/24621336684 | G28: 50 | H28: 198 | I28: 此賣場為「放開那隻貓的腳」（shopid 1452838）。前次使用者本人確認：此賣場商品原本都有顯示PYP logo與商品名稱，後續疑似遭移除。經瀏覽器實際比對，本商品圖片集中的「P.Y.P Transmission Meter」品牌檢測儀器照片（同一組82.5/100/15.2 VLT/UVR/IRR讀數、同款拍攝角度與同款「高透明度/可見光透射率/紫外線防護」文案排版），與PYP官方物料完全一致；同一張照片同時出現在本賣場另外兩項商品（35pt貝殼卡磚 item 25760916522、四角螺絲卡磚 item 42410736514）的圖片集中，判斷為原PYP商品、品牌文字與logo遭移除後轉售。此為同一listing（共8種規格A-H）下的規格之一，listing合併總銷量蝦皮顯示為「2萬+」（以20000計算）、1,540則評價（5.0分）。本列銷量為評價抽樣估算值：篩選「附上評論」的166則評論、翻頁讀取全部規格標示文字，扣除頁面重複載入造成的完全重複則後得161則唯一評論，部分評論一次訂單買了不只一種規格，拆分後共202次規格提及（35PT依顏色分A透明/B黑色兩類，55/75/100/130/180/260PT分別對應C/D/E/F/G/H），按各規格提及比例分配蝦皮顯示的合併總銷量20000（本規格佔比見下）。注意：這是以「有留言評論」的買家為樣本，只佔全部1,540則評分中的一小部分（約11%），假設留言行為在各規格間大致均勻分布，實際比例可能有偏差，僅供參考。單價為直接於商品頁點選各規格後讀取畫面顯示的精確值（非估算），庫存頁面顯示皆為10件。本規格 2/202 次提及（約1.0%）→估算銷量 198（樣本數很少，可信度低，僅供參考）。
A29: 2026-08-27 | B29: 磁吸卡磚(標準) | C29: 100PT | D29: 磁吸卡磚 磁吸卡片保護套 寶可夢卡磚 遊戲王卡磚 球員卡 球衣卡35PT 55PT 100PT 130PT 180PT | E29: 放開那隻貓的腳 | F29: https://shopee.tw/product/1452838/24621336684 | G29: 55 | H29: 1089 | I29: 此賣場為「放開那隻貓的腳」（shopid 1452838）。前次使用者本人確認：此賣場商品原本都有顯示PYP logo與商品名稱，後續疑似遭移除。經瀏覽器實際比對，本商品圖片集中的「P.Y.P Transmission Meter」品牌檢測儀器照片（同一組82.5/100/15.2 VLT/UVR/IRR讀數、同款拍攝角度與同款「高透明度/可見光透射率/紫外線防護」文案排版），與PYP官方物料完全一致；同一張照片同時出現在本賣場另外兩項商品（35pt貝殼卡磚 item 25760916522、四角螺絲卡磚 item 42410736514）的圖片集中，判斷為原PYP商品、品牌文字與logo遭移除後轉售。此為同一listing（共8種規格A-H）下的規格之一，listing合併總銷量蝦皮顯示為「2萬+」（以20000計算）、1,540則評價（5.0分）。本列銷量為評價抽樣估算值：篩選「附上評論」的166則評論、翻頁讀取全部規格標示文字，扣除頁面重複載入造成的完全重複則後得161則唯一評論，部分評論一次訂單買了不只一種規格，拆分後共202次規格提及（35PT依顏色分A透明/B黑色兩類，55/75/100/130/180/260PT分別對應C/D/E/F/G/H），按各規格提及比例分配蝦皮顯示的合併總銷量20000（本規格佔比見下）。注意：這是以「有留言評論」的買家為樣本，只佔全部1,540則評分中的一小部分（約11%），假設留言行為在各規格間大致均勻分布，實際比例可能有偏差，僅供參考。單價為直接於商品頁點選各規格後讀取畫面顯示的精確值（非估算），庫存頁面顯示皆為10件。本規格 11/202 次提及（約5.4%）→估算銷量 1,089。
A30: 2026-08-27 | B30: 磁吸卡磚(標準) | C30: 130PT | D30: 磁吸卡磚 磁吸卡片保護套 寶可夢卡磚 遊戲王卡磚 球員卡 球衣卡35PT 55PT 100PT 130PT 180PT | E30: 放開那隻貓的腳 | F30: https://shopee.tw/product/1452838/24621336684 | G30: 60 | H30: 1881 | I30: 此賣場為「放開那隻貓的腳」（shopid 1452838）。前次使用者本人確認：此賣場商品原本都有顯示PYP logo與商品名稱，後續疑似遭移除。經瀏覽器實際比對，本商品圖片集中的「P.Y.P Transmission Meter」品牌檢測儀器照片（同一組82.5/100/15.2 VLT/UVR/IRR讀數、同款拍攝角度與同款「高透明度/可見光透射率/紫外線防護」文案排版），與PYP官方物料完全一致；同一張照片同時出現在本賣場另外兩項商品（35pt貝殼卡磚 item 25760916522、四角螺絲卡磚 item 42410736514）的圖片集中，判斷為原PYP商品、品牌文字與logo遭移除後轉售。此為同一listing（共8種規格A-H）下的規格之一，listing合併總銷量蝦皮顯示為「2萬+」（以20000計算）、1,540則評價（5.0分）。本列銷量為評價抽樣估算值：篩選「附上評論」的166則評論、翻頁讀取全部規格標示文字，扣除頁面重複載入造成的完全重複則後得161則唯一評論，部分評論一次訂單買了不只一種規格，拆分後共202次規格提及（35PT依顏色分A透明/B黑色兩類，55/75/100/130/180/260PT分別對應C/D/E/F/G/H），按各規格提及比例分配蝦皮顯示的合併總銷量20000（本規格佔比見下）。注意：這是以「有留言評論」的買家為樣本，只佔全部1,540則評分中的一小部分（約11%），假設留言行為在各規格間大致均勻分布，實際比例可能有偏差，僅供參考。單價為直接於商品頁點選各規格後讀取畫面顯示的精確值（非估算），庫存頁面顯示皆為10件。本規格 19/202 次提及（約9.4%）→估算銷量 1,881。
A31: 2026-08-27 | B31: 磁吸卡磚(標準) | C31: 180PT | D31: 磁吸卡磚 磁吸卡片保護套 寶可夢卡磚 遊戲王卡磚 球員卡 球衣卡35PT 55PT 100PT 130PT 180PT | E31: 放開那隻貓的腳 | F31: https://shopee.tw/product/1452838/24621336684 | G31: 65 | H31: 990 | I31: 此賣場為「放開那隻貓的腳」（shopid 1452838）。前次使用者本人確認：此賣場商品原本都有顯示PYP logo與商品名稱，後續疑似遭移除。經瀏覽器實際比對，本商品圖片集中的「P.Y.P Transmission Meter」品牌檢測儀器照片（同一組82.5/100/15.2 VLT/UVR/IRR讀數、同款拍攝角度與同款「高透明度/可見光透射率/紫外線防護」文案排版），與PYP官方物料完全一致；同一張照片同時出現在本賣場另外兩項商品（35pt貝殼卡磚 item 25760916522、四角螺絲卡磚 item 42410736514）的圖片集中，判斷為原PYP商品、品牌文字與logo遭移除後轉售。此為同一listing（共8種規格A-H）下的規格之一，listing合併總銷量蝦皮顯示為「2萬+」（以20000計算）、1,540則評價（5.0分）。本列銷量為評價抽樣估算值：篩選「附上評論」的166則評論、翻頁讀取全部規格標示文字，扣除頁面重複載入造成的完全重複則後得161則唯一評論，部分評論一次訂單買了不只一種規格，拆分後共202次規格提及（35PT依顏色分A透明/B黑色兩類，55/75/100/130/180/260PT分別對應C/D/E/F/G/H），按各規格提及比例分配蝦皮顯示的合併總銷量20000（本規格佔比見下）。注意：這是以「有留言評論」的買家為樣本，只佔全部1,540則評分中的一小部分（約11%），假設留言行為在各規格間大致均勻分布，實際比例可能有偏差，僅供參考。單價為直接於商品頁點選各規格後讀取畫面顯示的精確值（非估算），庫存頁面顯示皆為10件。本規格 10/202 次提及（約5.0%）→估算銷量 990。
A32: 2026-08-27 | B32: 磁吸卡磚(標準) | C32: 260PT | D32: 磁吸卡磚 磁吸卡片保護套 寶可夢卡磚 遊戲王卡磚 球員卡 球衣卡35PT 55PT 100PT 130PT 180PT | E32: 放開那隻貓的腳 | F32: https://shopee.tw/product/1452838/24621336684 | G32: 75 | H32: 99 | I32: 此賣場為「放開那隻貓的腳」（shopid 1452838）。前次使用者本人確認：此賣場商品原本都有顯示PYP logo與商品名稱，後續疑似遭移除。經瀏覽器實際比對，本商品圖片集中的「P.Y.P Transmission Meter」品牌檢測儀器照片（同一組82.5/100/15.2 VLT/UVR/IRR讀數、同款拍攝角度與同款「高透明度/可見光透射率/紫外線防護」文案排版），與PYP官方物料完全一致；同一張照片同時出現在本賣場另外兩項商品（35pt貝殼卡磚 item 25760916522、四角螺絲卡磚 item 42410736514）的圖片集中，判斷為原PYP商品、品牌文字與logo遭移除後轉售。此為同一listing（共8種規格A-H）下的規格之一，listing合併總銷量蝦皮顯示為「2萬+」（以20000計算）、1,540則評價（5.0分）。本列銷量為評價抽樣估算值：篩選「附上評論」的166則評論、翻頁讀取全部規格標示文字，扣除頁面重複載入造成的完全重複則後得161則唯一評論，部分評論一次訂單買了不只一種規格，拆分後共202次規格提及（35PT依顏色分A透明/B黑色兩類，55/75/100/130/180/260PT分別對應C/D/E/F/G/H），按各規格提及比例分配蝦皮顯示的合併總銷量20000（本規格佔比見下）。注意：這是以「有留言評論」的買家為樣本，只佔全部1,540則評分中的一小部分（約11%），假設留言行為在各規格間大致均勻分布，實際比例可能有偏差，僅供參考。單價為直接於商品頁點選各規格後讀取畫面顯示的精確值（非估算），庫存頁面顯示皆為10件。本規格 1/202 次提及（約0.5%）→估算銷量 99（樣本數極少，可信度低，僅供參考）。
A33: 2026-08-27 | B33: 貝殼卡磚 | C33: 35PT | D33: (台灣快速發貨)卡片保護套 35pt貝殼卡磚 卡片保護磚 卡磚 卡套 寶可夢 球員卡 遊戲王 球星卡 獵人 | E33: 放開那隻貓的腳 | F33: https://shopee.tw/product/1452838/25760916522 | G33: 15 | H33: 20000 | I33: 此賣場為「放開那隻貓的腳」（shopid 1452838）。頁面文字（含商品描述全文）完全未出現PYP/P.Y.P/DEI DOW字樣，但商品包裝設計與另一賣場（數碼遊戲_CyberGamer）已確認的PYP「P.Y.P 貝殼卡磚／P.Y.P MINI SNAP」商品使用同一套「MINI SNAP」黑底藍色半色調圓點包裝樣板（含相同的Holds Standard size cards/Snap lock fit/Stackable/No PVC Acid Free/Ultra clear文案），且其中一張包裝圖片右下角有一小塊疑似遮蓋原logo位置的黑色矩形。圖片集中另有「P.Y.P Transmission Meter」品牌檢測儀器照片，與同賣場磁吸卡磚、四角螺絲卡磚兩項商品使用的是同一張圖（同一組82.5/100/15.2 VLT/UVR/IRR讀數），判斷為原PYP商品、品牌文字與logo遭移除後轉售。售價為頁面顯示的折扣價（原價$20，現折至$15），已售出「2萬+」為蝦皮頁面顯示的概數（以20000計算），993則評價。
A34: 2026-08-27 | B34: 螺絲卡磚 | C34: - | D34: 四角螺絲卡磚 卡片保護套 寶可夢卡磚 遊戲王卡磚 球員卡 魔法風雲會卡磚 卡套 寶可夢 球員卡 遊戲王 球星卡 | E34: 放開那隻貓的腳 | F34: https://shopee.tw/product/1452838/42410736514 | G34: 60 | H34: 77 | I34: 此賣場為「放開那隻貓的腳」（shopid 1452838）。頁面文字完全未出現PYP/P.Y.P/DEI DOW字樣，商品包裝設計亦是與「MINI SNAP」樣板一致的黑底藍色半色調圓點設計（含相同的Holds Standard size cards/Snap lock fit/UV Protection/No PVC Acid Free/Ultra clear文案），圖片中同樣有一小塊疑似遮蓋原logo位置的黑色矩形。圖片集中另有「P.Y.P Transmission Meter」品牌檢測儀器照片，與同賣場磁吸卡磚、35pt貝殼卡磚兩項商品使用的是同一張圖（同一組82.5/100/15.2 VLT/UVR/IRR讀數），判斷為原PYP商品、品牌文字與logo遭移除後轉售。頁面未提供規格/尺寸選項，故卡套尺寸欄位留空；已售出77件、售價$60皆為頁面顯示精確值，尚無評價。

Sheet 規格評價統計
A1: 商品名稱 (需與「商品資料」表完全一致) | B1: 規格名稱 | C1: 抽樣評價則數 | D1: 該商品抽樣評價總則數 | E1: 此規格佔比 | F1: 商品累計已售出 (自動帶入) | G1: 推估此規格銷量 (自動計算)
A2: PYP 卡套 經典款 質感卡夾 | B2: 紅色 | C2: 18 | D2: =IF(A2="","",SUMIF($A$2:$A$301,A2,$C$2:$C$301)) -> 40 | E2: =IF(OR(A2="",D2="",D2=0),"",C2/D2) -> 0.45 | F2: =IFERROR(INDEX(商品資料!$H:$H,MATCH(A2,商品資料!$D:$D,0)),"") -> 682 | G2: =IF(OR(E2="",F2=""),"",ROUND(E2*F2,0)) -> 307
A3: PYP 卡套 經典款 質感卡夾 | B3: 藍色 | C3: 9 | D3: =IF(A3="","",SUMIF($A$2:$A$301,A3,$C$2:$C$301)) -> 40 | E3: =IF(OR(A3="",D3="",D3=0),"",C3/D3) -> 0.225 | F3: =IFERROR(INDEX(商品資料!$H:$H,MATCH(A3,商品資料!$D:$D,0)),"") -> 682 | G3: =IF(OR(E3="",F3=""),"",ROUND(E3*F3,0)) -> 153
A4: PYP 卡套 經典款 質感卡夾 | B4: 黑色 | C4: 13 | D4: =IF(A4="","",SUMIF($A$2:$A$301,A4,$C$2:$C$301)) -> 40 | E4: =IF(OR(A4="",D4="",D4=0),"",C4/D4) -> 0.325 | F4: =IFERROR(INDEX(商品資料!$H:$H,MATCH(A4,商品資料!$D:$D,0)),"") -> 682 | G4: =IF(OR(E4="",F4=""),"",ROUND(E4*F4,0)) -> 222
D5: =IF(A5="","",SUMIF($A$2:$A$301,A5,$C$2:$C$301)) | E5: =IF(OR(A5="",D5="",D5=0),"",C5/D5) | F5: =IFERROR(INDEX(商品資料!$H:$H,MATCH(A5,商品資料!$D:$D,0)),"") | G5: =IF(OR(E5="",F5=""),"",ROUND(E5*F5,0))
D6: =IF(A6="","",SUMIF($A$2:$A$301,A6,$C$2:$C$301)) | E6: =IF(OR(A6="",D6="",D6=0),"",C6/D6) | F6: =IFERROR(INDEX(商品資料!$H:$H,MATCH(A6,商品資料!$D:$D,0)),"") | G6: =IF(OR(E6="",F6=""),"",ROUND(E6*F6,0))
D7: =IF(A7="","",SUMIF($A$2:$A$301,A7,$C$2:$C$301)) | E7: =IF(OR(A7="",D7="",D7=0),"",C7/D7) | F7: =IFERROR(INDEX(商品資料!$H:$H,MATCH(A7,商品資料!$D:$D,0)),"") | G7: =IF(OR(E7="",F7=""),"",ROUND(E7*F7,0))
D8: =IF(A8="","",SUMIF($A$2:$A$301,A8,$C$2:$C$301)) | E8: =IF(OR(A8="",D8="",D8=0),"",C8/D8) | F8: =IFERROR(INDEX(商品資料!$H:$H,MATCH(A8,商品資料!$D:$D,0)),"") | G8: =IF(OR(E8="",F8=""),"",ROUND(E8*F8,0))
D9: =IF(A9="","",SUMIF($A$2:$A$301,A9,$C$2:$C$301)) | E9: =IF(OR(A9="",D9="",D9=0),"",C9/D9) | F9: =IFERROR(INDEX(商品資料!$H:$H,MATCH(A9,商品資料!$D:$D,0)),"") | G9: =IF(OR(E9="",F9=""),"",ROUND(E9*F9,0))
D10: =IF(A10="","",SUMIF($A$2:$A$301,A10,$C$2:$C$301)) | E10: =IF(OR(A10="",D10="",D10=0),"",C10/D10) | F10: =IFERROR(INDEX(商品資料!$H:$H,MATCH(A10,商品資料!$D:$D,0)),"") | G10: =IF(OR(E10="",F10=""),"",ROUND(E10*F10,0))
D11: =IF(A11="","",SUMIF($A$2:$A$301,A11,$C$2:$C$301)) | E11: =IF(OR(A11="",D11="",D11=0),"",C11/D11) | F11: =IFERROR(INDEX(商品資料!$H:$H,MATCH(A11,商品資料!$D:$D,0)),"") | G11: =IF(OR(E11="",F11=""),"",ROUND(E11*F11,0))
D12: =IF(A12="","",SUMIF($A$2:$A$301,A12,$C$2:$C$301)) | E12: =IF(OR(A12="",D12="",D12=0),"",C12/D12) | F12: =IFERROR(INDEX(商品資料!$H:$H,MATCH(A12,商品資料!$D:$D,0)),"") | G12: =IF(OR(E12="",F12=""),"",ROUND(E12*F12,0))
D13: =IF(A13="","",SUMIF($A$2:$A$301,A13,$C$2:$C$301)) | E13: =IF(OR(A13="",D13="",D13=0),"",C13/D13) | F13: =IFERROR(INDEX(商品資料!$H:$H,MATCH(A13,商品資料!$D:$D,0)),"") | G13: =IF(OR(E13="",F13=""),"",ROUND(E13*F13,0))
D14: =IF(A14="","",SUMIF($A$2:$A$301,A14,$C$2:$C$301)) | E14: =IF(OR(A14="",D14="",D14=0),"",C14/D14) | F14: =IFERROR(INDEX(商品資料!$H:$H,MATCH(A14,商品資料!$D:$D,0)),"") | G14: =IF(OR(E14="",F14=""),"",ROUND(E14*F14,0))
D15: =IF(A15="","",SUMIF($A$2:$A$301,A15,$C$2:$C$301)) | E15: =IF(OR(A15="",D15="",D15=0),"",C15/D15) | F15: =IFERROR(INDEX(商品資料!$H:$H,MATCH(A15,商品資料!$D:$D,0)),"") | G15: =IF(OR(E15="",F15=""),"",ROUND(E15*F15,0))
D16: =IF(A16="","",SUMIF($A$2:$A$301,A16,$C$2:$C$301)) | E16: =IF(OR(A16="",D16="",D16=0),"",C16/D16) | F16: =IFERROR(INDEX(商品資料!$H:$H,MATCH(A16,商品資料!$D:$D,0)),"") | G16: =IF(OR(E16="",F16=""),"",ROUND(E16*F16,0))
... D300: =IF(A300="","",SUMIF($A$2:$A$301,A300,$C$2:$C$301)) | E300: =IF(OR(A300="",D300="",D300=0),"",C300/D300) | F300: =IFERROR(INDEX(商品資料!$H:$H,MATCH(A300,商品資料!$D:$D,0)),"") | G300: =IF(OR(E300="",F300=""),"",ROUND(E300*F300,0))
